{"menu":{"footer-menu":3,"header-primary-menu":4},"options":{"blogname":"CosmosWP Medical 1","blogname-child":"CosmosWP Medical 1","blogdescription":"Just another Demo Sites","blogdescription-child":"Just another Demo Sites","posts_per_page":"10","posts_per_page-child":"10","date_format":"F j, Y","date_format-child":"F j, Y","time_format":"g:i a","time_format-child":"g:i a","show_on_front":"page","show_on_front-child":"page","thumbnail_size_w":"150","thumbnail_size_w-child":"150","thumbnail_size_h":"150","thumbnail_size_h-child":"150","thumbnail_crop":"1","thumbnail_crop-child":"1","medium_size_w":"300","medium_size_w-child":"300","medium_size_h":"300","medium_size_h-child":"300","avatar_default":"mystery","avatar_default-child":"mystery","large_size_w":"1024","large_size_w-child":"1024","large_size_h":"1024","large_size_h-child":"1024","page_for_posts":"84","page_for_posts-child":"84","page_on_front":"82","page_on_front-child":"82","medium_large_size_w":"768","medium_large_size_w-child":"768","medium_large_size_h":"0","medium_large_size_h-child":"0","theme_mods_cosmoswp":{"0":false,"custom_css_post_id":-1,"general-setting-color-options":"{\"primary-color\":\"#3498db\",\"text-color\":\"#5f666d\",\"title-color\":\"#0f4469\",\"link-color\":\"#3498db\",\"link-hover-color\":\"#2fa1ee\",\"meta-color\":\"#999999\"}","header-social-icon-data":"[{\"enabled\":\"1\",\"icon\":\"fab fa-facebook-f\",\"link\":\"https:\\\/\\\/www.facebook.com\\\/\",\"checkbox\":true,\"icon-color\":\"#ffffff\",\"icon-hover-color\":\"#ffffff\",\"bg-color\":\"#3b5998\",\"bg-hover-color\":\"#4b69a8\"},{\"enabled\":\"1\",\"icon\":\"fab fa-twitter\",\"link\":\"https:\\\/\\\/www.twitter.com\\\/\",\"checkbox\":true,\"icon-color\":\"#ffffff\",\"icon-hover-color\":\"#ffffff\",\"bg-color\":\"#55ACEE\",\"bg-hover-color\":\"#75CCFF\"},{\"enabled\":\"1\",\"icon\":\"fab fa-linkedin-in\",\"link\":\"https:\\\/\\\/www.linkedin.com\\\/\",\"checkbox\":true,\"icon-color\":\"#ffffff\",\"icon-hover-color\":\"#ffffff\",\"bg-color\":\"#0077B5\",\"bg-hover-color\":\"#1087C5\"},{\"enabled\":\"1\",\"icon\":\"fab fa-instagram\",\"link\":\"\",\"checkbox\":false,\"icon-color\":\"#ffffff\",\"icon-hover-color\":\"\",\"bg-color\":\"#723a1a\",\"bg-hover-color\":\"#6b3216\"}]","contact-information-data":"[{\"enabled\":\"1\",\"icon\":\"fas fa-phone\",\"title\":\"Monday - Friday 08:00 - 20:00\",\"text\":\"Saturday and Sunday - CLOSED\",\"link-type\":\"tel\",\"link\":\"https:\\\/\\\/usaphone.com\\\/\",\"checkbox\":true},{\"enabled\":\"1\",\"icon\":\"far fa-envelope\",\"title\":\"+ 0800 2466 7921\",\"text\":\"noreply@cosmoswp.com\",\"link-type\":\"email\",\"link\":\"noreply@cosmoswp.com\",\"checkbox\":true},{\"enabled\":\"1\",\"icon\":\"fas fa-map-marker-alt\",\"title\":\"34th Avenue\",\"text\":\"New York, W2 3XE\",\"link-type\":\"normal-link\",\"link\":\"\",\"checkbox\":false}]","footer_social":"[{\"enabled\":\"1\",\"icon\":\"fab fa-facebook-f\",\"link\":\"http:\\\/\\\/www.facebook.com\",\"checkbox\":true,\"icon-color\":\"#1e73be\",\"icon-hover-color\":\"#ffffff\",\"bg-color\":\"#ffffff\",\"bg-hover-color\":\"#1e73be\"},{\"enabled\":\"1\",\"icon\":\"fab fa-twitter\",\"link\":\"http:\\\/\\\/www.twitter.com\",\"checkbox\":true,\"icon-color\":\"#75CCFF\",\"icon-hover-color\":\"#ffffff\",\"bg-color\":\"#ffffff\",\"bg-hover-color\":\"#75CCFF\"},{\"enabled\":\"1\",\"icon\":\"fab fa-linkedin-in\",\"link\":\"http:\\\/\\\/www.linkedin.com\",\"checkbox\":true,\"icon-color\":\"#0077B5\",\"icon-hover-color\":\"#ffffff\",\"bg-color\":\"#ffffff\",\"bg-hover-color\":\"#0077B5\"}]","general-setting-body-p-typography":"{\"font-type\":\"google\",\"system-font\":\"\",\"google-font\":\"Source Sans Pro\",\"custom-font\":\"\",\"font-weight\":\"regular\",\"font-style\":\"normal\",\"text-decoration\":\"none\",\"text-transform\":\"none\",\"font-size\":{\"desktop\":\"\",\"tablet\":\"\",\"mobile\":\"16\"},\"line-height\":{\"desktop\":\"24\",\"tablet\":\"28\",\"mobile\":\"28\"},\"letter-spacing\":{\"desktop\":\"0\",\"tablet\":\"0\",\"mobile\":\"0\"}}","general-setting-h1-typography":"{\"font-type\":\"google\",\"system-font\":\"\",\"google-font\":\"Open Sans\",\"custom-font\":\"\",\"font-weight\":\"700\",\"font-style\":\"normal\",\"text-decoration\":\"none\",\"text-transform\":\"none\",\"font-size\":{\"desktop\":\"44\",\"tablet\":\"32\",\"mobile\":\"30\"},\"line-height\":{\"desktop\":\"40\",\"tablet\":\"40\",\"mobile\":\"40\"},\"letter-spacing\":{\"desktop\":\"0\",\"tablet\":\"0\",\"mobile\":\"0\"}}","general-setting-h2-typography":"{\"font-type\":\"google\",\"system-font\":\"\",\"google-font\":\"Open Sans\",\"custom-font\":\"\",\"font-weight\":\"700\",\"font-style\":\"normal\",\"text-decoration\":\"none\",\"text-transform\":\"none\",\"font-size\":{\"desktop\":\"34\",\"tablet\":\"30\",\"mobile\":\"30\"},\"line-height\":{\"desktop\":\"35\",\"tablet\":\"35\",\"mobile\":\"35\"},\"letter-spacing\":{\"desktop\":\"0\",\"tablet\":\"0\",\"mobile\":\"0\"}}","general-setting-h3-typography":"{\"font-type\":\"google\",\"system-font\":\"\",\"google-font\":\"Open Sans\",\"custom-font\":\"\",\"font-weight\":\"600\",\"font-style\":\"normal\",\"text-decoration\":\"none\",\"text-transform\":\"none\",\"font-size\":{\"desktop\":\"32\",\"tablet\":\"28\",\"mobile\":\"24\"},\"line-height\":{\"desktop\":\"32\",\"tablet\":\"32\",\"mobile\":\"32\"},\"letter-spacing\":{\"desktop\":\"0\",\"tablet\":\"0\",\"mobile\":\"0\"}}","general-setting-h4-typography":"{\"font-type\":\"google\",\"system-font\":\"\",\"google-font\":\"Open Sans\",\"custom-font\":\"\",\"font-weight\":\"600\",\"font-style\":\"normal\",\"text-decoration\":\"none\",\"text-transform\":\"none\",\"font-size\":{\"desktop\":\"28\",\"tablet\":\"22\",\"mobile\":\"22\"},\"line-height\":{\"desktop\":\"24\",\"tablet\":\"24\",\"mobile\":\"24\"},\"letter-spacing\":{\"desktop\":\"0\",\"tablet\":\"0\",\"mobile\":\"0\"}}","general-setting-h5-typography":"{\"font-type\":\"google\",\"system-font\":\"\",\"google-font\":\"Open Sans\",\"custom-font\":\"\",\"font-weight\":\"700\",\"font-style\":\"normal\",\"text-decoration\":\"none\",\"text-transform\":\"none\",\"font-size\":{\"desktop\":\"\",\"tablet\":\"\",\"mobile\":\"18\"},\"line-height\":{\"desktop\":\"32\",\"tablet\":\"32\",\"mobile\":\"32\"},\"letter-spacing\":{\"desktop\":\"0\",\"tablet\":\"0\",\"mobile\":\"0\"}}","general-setting-h6-typography":"{\"font-type\":\"google\",\"system-font\":\"\",\"google-font\":\"Open Sans\",\"custom-font\":\"\",\"font-weight\":\"300\",\"font-style\":\"normal\",\"text-decoration\":\"none\",\"text-transform\":\"none\",\"font-size\":{\"desktop\":\"18\",\"tablet\":\"18\",\"mobile\":\"18\"},\"line-height\":{\"desktop\":\"24\",\"tablet\":\"24\",\"mobile\":\"24\"},\"letter-spacing\":{\"desktop\":\"0\",\"tablet\":\"0\",\"mobile\":\"0\"}}","site-button-styling":"{\"normal-text-color\":\"#fff\",\"normal-bg-color\":\"#3498db\",\"normal-border-style\":\"solid\",\"normal-border-color\":\"#3498db\",\"normal-box-shadow-color\":\"\",\"hover-text-color\":\"#fff\",\"hover-bg-color\":\"#2fa1ee\",\"hover-border-style\":\"solid\",\"hover-border-color\":\"#2fa1ee\",\"hover-box-shadow-color\":\"\",\"normal-border-width\":{\"desktop\":{\"top\":1,\"right\":1,\"bottom\":1,\"left\":1,\"cssbox_link\":true}},\"normal-border-radius\":{\"desktop\":{\"top\":3,\"right\":3,\"bottom\":3,\"left\":3,\"cssbox_link\":true}},\"normal-box-shadow-css\":{\"desktop\":{\"x\":0,\"Y\":0,\"BLUR\":0,\"SPREAD\":0,\"cssbox_link\":true}},\"hover-border-width\":{\"desktop\":{\"top\":1,\"right\":1,\"bottom\":1,\"left\":1,\"cssbox_link\":true}},\"hover-border-radius\":{\"desktop\":{\"top\":0,\"right\":0,\"bottom\":0,\"left\":0,\"cssbox_link\":true}},\"hover-box-shadow-css\":{\"desktop\":{\"x\":0,\"Y\":0,\"BLUR\":0,\"SPREAD\":0,\"cssbox_link\":true}}}","global-widget-title-border-styling":"{\"border-style\":\"solid\",\"border-color\":\"#3498db\",\"border-width\":{\"desktop\":{\"top\":0,\"right\":0,\"bottom\":0,\"left\":5,\"cssbox_link\":1}}}","cosmoswp_header_builder_section_controller":{"desktop":{"top":[{"x":"0","y":"1","width":"3","height":"1","id":"title_tagline"},{"x":"3","y":"1","width":"7","height":"1","id":"contact_information"},{"x":"10","y":"1","width":"2","height":"1","id":"header_social"}],"main":[{"x":"0","y":"1","width":"9","height":"1","id":"primary_menu"},{"x":"9","y":"1","width":"3","height":"1","id":"button_one"}],"bottom":[]},"mobile":{"top":[],"main":[{"x":"0","y":"1","width":"10","height":"1","id":"title_tagline"},{"x":"10","y":"1","width":"2","height":"1","id":"menu_icon"}],"bottom":[]},"all":{"sidebar":[{"x":"0","y":"1","width":"1","height":"1","id":"primary_menu"}]}},"header-main-padding":"{\"desktop\":{\"top\":0,\"right\":0,\"bottom\":0,\"left\":0,\"cssbox_link\":true},\"tablet\":{\"top\":10,\"right\":\"\",\"bottom\":10,\"left\":\"\",\"cssbox_link\":false},\"mobile\":{\"top\":10,\"right\":\"\",\"bottom\":10,\"left\":\"\",\"cssbox_link\":false}}","button-one-enable-icon":true,"button-one-styling":"{\"normal-text-color\":\"#ffffff\",\"normal-bg-color\":\"#3498db\",\"normal-border-style\":\"solid\",\"normal-border-color\":\"#3498db\",\"normal-box-shadow-color\":\"#333\",\"hover-text-color\":\"#fff\",\"hover-bg-color\":\"#2fa1ee\",\"hover-border-style\":\"solid\",\"hover-border-color\":\"#2fa1ee\",\"hover-box-shadow-color\":\"\",\"normal-border-width\":{\"desktop\":{\"top\":1,\"right\":1,\"bottom\":1,\"left\":1,\"cssbox_link\":true}},\"normal-border-radius\":{\"desktop\":{\"top\":0,\"right\":0,\"bottom\":0,\"left\":0,\"cssbox_link\":true}},\"normal-box-shadow-css\":{\"desktop\":{\"x\":0,\"Y\":0,\"BLUR\":0,\"SPREAD\":0,\"cssbox_link\":true}},\"hover-border-width\":{\"desktop\":{\"top\":1,\"right\":1,\"bottom\":1,\"left\":1,\"cssbox_link\":true}},\"hover-border-radius\":{\"desktop\":{\"top\":0,\"right\":0,\"bottom\":0,\"left\":0,\"cssbox_link\":true}},\"hover-box-shadow-css\":{\"desktop\":{\"x\":0,\"Y\":0,\"BLUR\":0,\"SPREAD\":0,\"cssbox_link\":true}}}","contact-info-title-typography":"{\"font-type\":\"google\",\"system-font\":\"\",\"google-font\":\"Open Sans\",\"custom-font\":\"\",\"font-weight\":\"600\",\"font-style\":\"normal\",\"text-decoration\":\"none\",\"text-transform\":\"none\",\"font-size\":{\"desktop\":\"13\",\"tablet\":\"14\",\"mobile\":\"14\"},\"line-height\":{\"desktop\":\"24\",\"tablet\":\"24\",\"mobile\":\"24\"},\"letter-spacing\":{\"desktop\":\"0\",\"tablet\":\"1\",\"mobile\":\"1\"}}","contact-info-subtitle-typography":"{\"font-type\":\"google\",\"system-font\":\"\",\"google-font\":\"Open Sans\",\"custom-font\":\"\",\"font-weight\":\"regular\",\"font-style\":\"normal\",\"text-decoration\":\"none\",\"text-transform\":\"none\",\"font-size\":{\"desktop\":\"13\",\"tablet\":\"14\",\"mobile\":\"14\"},\"line-height\":{\"desktop\":\"12\",\"tablet\":\"12\",\"mobile\":\"12\"},\"letter-spacing\":{\"desktop\":\"\",\"tablet\":\"\",\"mobile\":\"\"}}","contact-information-align":"flex-align-right","header-social-icon-radius":"{\"desktop\":50,\"tablet\":0,\"mobile\":0}","site-identity-styling":"{\"site-title-color\":\"#3498db\",\"site-tagline-color\":\"#9e9e9e\",\"hover-site-title-color\":\"#3498db\",\"hover-site-tagline-color\":\"#333\"}","site-identity-typography-options":"custom","site-title-typography":"{\"font-type\":\"google\",\"system-font\":\"\",\"google-font\":\"Open Sans\",\"custom-font\":\"\",\"font-weight\":\"700\",\"font-style\":\"normal\",\"text-decoration\":\"none\",\"text-transform\":\"none\",\"font-size\":{\"desktop\":\"16\",\"tablet\":\"20\",\"mobile\":\"15\"},\"line-height\":{\"desktop\":\"10\",\"tablet\":\"24\",\"mobile\":\"5\"},\"letter-spacing\":{\"desktop\":\"\",\"tablet\":\"\",\"mobile\":\"\"}}","site-tagline-typography":"{\"font-type\":\"google\",\"system-font\":\"\",\"google-font\":\"Open Sans\",\"custom-font\":\"\",\"font-weight\":\"regular\",\"font-style\":\"normal\",\"text-decoration\":\"none\",\"text-transform\":\"none\",\"font-size\":{\"desktop\":\"14\",\"tablet\":\"13\",\"mobile\":\"12\"},\"line-height\":{\"desktop\":\"\",\"tablet\":\"\",\"mobile\":\"15\"},\"letter-spacing\":{\"desktop\":\"\",\"tablet\":\"\",\"mobile\":\"\"}}","contact-info-icon-color":"#3498db","contact-info-title-border-styling":"{\"border-style\":\"none\",\"border-color\":\"#eeee22\",\"border-width\":{\"desktop\":{\"top\":0,\"right\":0,\"bottom\":0,\"left\":0,\"cssbox_link\":0}}}","cosmoswp_footer_builder_section_controller":{"desktop":{"top":[],"main":[{"x":"0","y":"1","width":"3","height":"1","id":"sidebar-widgets-footer-sidebar-1"},{"x":"3","y":"1","width":"3","height":"1","id":"sidebar-widgets-footer-sidebar-2"},{"x":"6","y":"1","width":"3","height":"1","id":"sidebar-widgets-footer-sidebar-3"},{"x":"9","y":"1","width":"3","height":"1","id":"sidebar-widgets-footer-sidebar-4"}],"bottom":[{"x":"3","y":"1","width":"7","height":"1","id":"footer_copyright"},{"x":"0","y":"1","width":"3","height":"1","id":"footer_menu"},{"x":"10","y":"1","width":"2","height":"1","id":"footer_social"}]}},"cosmoswp_landing_builder_section_controller":"","cosmoswp_blog_builder_section_controller":{"desktop":{"top":[{"x":"0","y":"1","width":"9","height":"1","id":"blog-main-content"},{"x":"9","y":"1","width":"3","height":"1","id":"blog-primary-sidebar"}]}},"cosmoswp_post_builder_section_controller":"","cosmoswp_page_builder_section_controller":{"desktop":{"top":[{"x":"0","y":"1","width":"9","height":"1","id":"page-main-content"},{"x":"9","y":"1","width":"3","height":"1","id":"page-primary-sidebar"}]}},"footer-copyright-align":"{\"desktop\":\"cwp-text-center\",\"tablet\":\"cwp-text-center\",\"mobile\":\"cwp-text-left\"}","footer-menu-title":"","footer-menu-custom-menu":"3","footer-menu-display-position":"cwp-horizontal-menu","footer-menu-margin":"{\"desktop\":{\"top\":\"\",\"right\":\"\",\"bottom\":\"\",\"left\":\"\",\"cssbox_link\":false},\"tablet\":{\"top\":\"\",\"right\":\"\",\"bottom\":\"\",\"left\":\"\",\"cssbox_link\":true},\"mobile\":{\"top\":\"\",\"right\":\"\",\"bottom\":\"\",\"left\":\"\",\"cssbox_link\":true}}","footer-menu-item-margin":"{\"desktop\":{\"top\":\"\",\"right\":\"\",\"bottom\":\"\",\"left\":\"\",\"cssbox_link\":false},\"tablet\":{\"top\":\"\",\"right\":\"\",\"bottom\":\"\",\"left\":\"\",\"cssbox_link\":true},\"mobile\":{\"top\":\"\",\"right\":\"\",\"bottom\":\"\",\"left\":\"\",\"cssbox_link\":true}}","footer-main-padding":"{\"desktop\":{\"top\":60,\"right\":0,\"bottom\":60,\"left\":0,\"cssbox_link\":false},\"tablet\":{\"top\":\"\",\"right\":\"\",\"bottom\":\"\",\"left\":\"\",\"cssbox_link\":true},\"mobile\":{\"top\":40,\"right\":0,\"bottom\":0,\"left\":0,\"cssbox_link\":false}}","footer-main-widget-title-typography-options":"custom","footer-main-widget-title-typography":"{\"font-type\":\"google\",\"system-font\":\"\",\"google-font\":\"Open Sans\",\"custom-font\":\"\",\"font-weight\":\"600\",\"font-style\":\"normal\",\"text-decoration\":\"none\",\"text-transform\":\"none\",\"font-size\":{\"desktop\":\"\",\"tablet\":\"\",\"mobile\":\"16\"},\"line-height\":{\"desktop\":\"24\",\"tablet\":\"24\",\"mobile\":\"24\"},\"letter-spacing\":{\"desktop\":\"\",\"tablet\":\"\",\"mobile\":\"\"}}","footer-general-background-options":"{\"background-color\":\"#2c3e50\",\"background-image\":\"\",\"background-size\":\"cover\",\"background-position\":\"center\",\"background-repeat\":\"no-repeat\",\"background-attachment\":\"scroll\",\"enable-overlay\":\"\",\"background-overlay-color\":\"\"}","footer-bottom-border-styling":"{\"border-style\":\"solid\",\"border-color\":\"#475666\",\"box-shadow-color\":\"\",\"border-width\":{\"desktop\":{\"top\":1,\"right\":0,\"bottom\":0,\"left\":0,\"cssbox_link\":0}},\"border-radius\":{\"desktop\":{\"top\":0,\"right\":0,\"bottom\":0,\"left\":0,\"cssbox_link\":1}},\"box-shadow-css\":{\"desktop\":{\"x\":0,\"Y\":0,\"BLUR\":0,\"SPREAD\":0,\"cssbox_link\":1}}}","footer-bottom-padding":"{\"desktop\":{\"top\":\"\",\"right\":\"\",\"bottom\":\"\",\"left\":\"\",\"cssbox_link\":false},\"tablet\":{\"top\":\"\",\"right\":\"\",\"bottom\":\"\",\"left\":\"\",\"cssbox_link\":true},\"mobile\":{\"top\":20,\"right\":0,\"bottom\":20,\"left\":0,\"cssbox_link\":false}}","footer-menu-styling":"{\"normal-text-color\":\"#fff\",\"normal-bg-color\":\"\",\"normal-border-style\":\"none\",\"normal-border-width\":{\"desktop\":{\"top\":\"\",\"right\":\"\",\"bottom\":\"\",\"left\":\"\",\"cssbox_link\":true}},\"normal-border-color\":\"\",\"normal-border-radius\":{\"desktop\":{\"top\":\"\",\"right\":\"\",\"bottom\":\"\",\"left\":\"\",\"cssbox_link\":true}},\"hover-text-color\":\"#3498db\",\"hover-bg-color\":\"\",\"hover-border-style\":\"none\",\"hover-border-width\":{\"desktop\":{\"top\":\"\",\"right\":\"\",\"bottom\":\"\",\"left\":\"\",\"cssbox_link\":true}},\"hover-border-color\":\"\",\"hover-border-radius\":{\"desktop\":{\"top\":\"\",\"right\":\"\",\"bottom\":\"\",\"left\":\"\",\"cssbox_link\":true}},\"active-text-color\":\"#3498db\",\"active-bg-color\":\"\",\"active-border-style\":\"none\",\"active-border-width\":{\"desktop\":{\"top\":\"\",\"right\":\"\",\"bottom\":\"\",\"left\":\"\",\"cssbox_link\":true}},\"active-border-color\":\"\",\"active-border-radius\":{\"desktop\":{\"top\":\"\",\"right\":\"\",\"bottom\":\"\",\"left\":\"\",\"cssbox_link\":true}}}","primary-menu-align":"flex-align-left","primary-menu-typography-options":"custom","primary-menu-typography":"{\"font-type\":\"google\",\"system-font\":\"\",\"google-font\":\"Open Sans\",\"custom-font\":\"\",\"font-weight\":\"600\",\"font-style\":\"normal\",\"text-decoration\":\"none\",\"text-transform\":\"uppercase\",\"font-size\":{\"desktop\":\"14\",\"tablet\":\"14\",\"mobile\":\"14\"},\"line-height\":{\"desktop\":\"24\",\"tablet\":\"24\",\"mobile\":\"24\"},\"letter-spacing\":{\"desktop\":\"1\",\"tablet\":\"\",\"mobile\":\"\"}}","primary-menu-item-padding":"{\"desktop\":{\"top\":10,\"right\":15,\"bottom\":10,\"left\":15,\"cssbox_link\":false},\"tablet\":{\"top\":\"\",\"right\":\"\",\"bottom\":\"\",\"left\":\"\",\"cssbox_link\":true},\"mobile\":{\"top\":10,\"right\":10,\"bottom\":10,\"left\":10,\"cssbox_link\":true}}","header-main-border-styling":"{\"border-style\":\"solid\",\"border-color\":\"#dddddd\",\"box-shadow-color\":\"\",\"border-width\":{\"desktop\":{\"top\":1,\"right\":0,\"bottom\":0,\"left\":0,\"cssbox_link\":0}},\"border-radius\":{\"desktop\":{\"top\":0,\"right\":0,\"bottom\":0,\"left\":0,\"cssbox_link\":1}},\"box-shadow-css\":{\"desktop\":{\"x\":0,\"Y\":0,\"BLUR\":0,\"SPREAD\":0,\"cssbox_link\":1}}}","button-one-text":"Make Appointment","button-one-padding":"{\"desktop\":{\"top\":15,\"right\":30,\"bottom\":15,\"left\":30,\"cssbox_link\":false},\"tablet\":{\"top\":6,\"right\":12,\"bottom\":6,\"left\":12,\"cssbox_link\":true},\"mobile\":{\"top\":6,\"right\":12,\"bottom\":6,\"left\":12,\"cssbox_link\":true}}","dd-search-icon-align":"flex-align-right","button-one-align":"flex-align-right","top-header-padding":"{\"desktop\":{\"top\":20,\"right\":0,\"bottom\":20,\"left\":0,\"cssbox_link\":false},\"tablet\":{\"top\":10,\"right\":0,\"bottom\":10,\"left\":0,\"cssbox_link\":true},\"mobile\":{\"top\":10,\"right\":0,\"bottom\":10,\"left\":0,\"cssbox_link\":true}}","button-one-icon":"fas fa-stethoscope","button-one-typography-options":"custom","button-one-typography":"{\"font-type\":\"google\",\"system-font\":\"\",\"google-font\":\"Open Sans\",\"custom-font\":\"\",\"font-weight\":\"600\",\"font-style\":\"normal\",\"text-decoration\":\"none\",\"text-transform\":\"uppercase\",\"font-size\":{\"desktop\":\"14\",\"tablet\":\"14\",\"mobile\":\"14\"},\"line-height\":{\"desktop\":\"24\",\"tablet\":\"24\",\"mobile\":\"24\"},\"letter-spacing\":{\"desktop\":\"1\",\"tablet\":\"\",\"mobile\":\"\"}}","primary-menu-styling":"{\"normal-text-color\":\"#0f4469\",\"normal-bg-color\":\"\",\"normal-border-style\":\"none\",\"normal-border-width\":{\"desktop\":{\"top\":\"\",\"right\":\"\",\"bottom\":\"\",\"left\":\"\",\"cssbox_link\":true}},\"normal-border-color\":\"\",\"normal-border-radius\":{\"desktop\":{\"top\":\"\",\"right\":\"\",\"bottom\":\"\",\"left\":\"\",\"cssbox_link\":true}},\"hover-text-color\":\"#3498db\",\"hover-bg-color\":\"\",\"hover-border-style\":\"none\",\"hover-border-width\":{\"desktop\":{\"top\":\"\",\"right\":\"\",\"bottom\":\"\",\"left\":\"\",\"cssbox_link\":true}},\"hover-border-color\":\"\",\"hover-border-radius\":{\"desktop\":{\"top\":\"\",\"right\":\"\",\"bottom\":\"\",\"left\":\"\",\"cssbox_link\":true}},\"active-text-color\":\"#3498db\",\"active-bg-color\":\"\",\"active-border-style\":\"none\",\"active-border-width\":{\"desktop\":{\"top\":\"\",\"right\":\"\",\"bottom\":\"\",\"left\":\"\",\"cssbox_link\":true}},\"active-border-color\":\"\",\"active-border-radius\":{\"desktop\":{\"top\":\"\",\"right\":\"\",\"bottom\":\"\",\"left\":\"\",\"cssbox_link\":true}}}","header-general-background-options":"{\"background-color\":\"#ffffff\",\"background-image\":\"\",\"background-size\":\"cover\",\"background-position\":\"center\",\"background-repeat\":\"no-repeat\",\"background-attachment\":\"scroll\",\"enable-overlay\":\"\",\"background-overlay-color\":\"\"}","global-form-input-height":"40","primary-menu-submenu-icon-indicator":"fas fa-angle-down","background_color":"ffffff","general-setting-layout":"cwp-full-width-body","contact-info-title-color":"#0f4469","contact-info-subtitle-color":"#5f666d","contact-info-item-margin":"{\"desktop\":{\"top\":0,\"right\":20,\"bottom\":0,\"left\":0,\"cssbox_link\":false},\"tablet\":{\"top\":0,\"right\":10,\"bottom\":0,\"left\":0,\"cssbox_link\":false},\"mobile\":{\"top\":0,\"right\":10,\"bottom\":0,\"left\":10,\"cssbox_link\":false}}","contact-info-item-padding":"{\"desktop\":{\"top\":0,\"right\":20,\"bottom\":0,\"left\":0,\"cssbox_link\":false},\"tablet\":{\"top\":0,\"right\":10,\"bottom\":0,\"left\":0,\"cssbox_link\":false},\"mobile\":{\"top\":0,\"right\":10,\"bottom\":0,\"left\":10,\"cssbox_link\":false}}","scroll-top-icon-styling":"{\"normal-text-color\":\"#fff\",\"normal-bg-color\":\"#3498db\",\"normal-border-style\":\"none\",\"normal-border-color\":\"\",\"normal-box-shadow-color\":\"\",\"hover-text-color\":\"#fff\",\"hover-bg-color\":\"#297cb4\",\"hover-border-style\":\"none\",\"hover-border-color\":\"\",\"hover-box-shadow-color\":\"\",\"normal-border-width\":{\"desktop\":{\"top\":\"\",\"right\":\"\",\"bottom\":\"\",\"left\":\"\",\"cssbox_link\":true}},\"normal-border-radius\":{\"desktop\":{\"top\":\"\",\"right\":\"\",\"bottom\":\"\",\"left\":\"\",\"cssbox_link\":true}},\"normal-box-shadow-css\":{\"desktop\":{\"x\":\"\",\"Y\":\"\",\"BLUR\":\"\",\"SPREAD\":\"\",\"cssbox_link\":true}},\"hover-border-width\":{\"desktop\":{\"top\":\"\",\"right\":\"\",\"bottom\":\"\",\"left\":\"\",\"cssbox_link\":true}},\"hover-border-radius\":{\"desktop\":{\"top\":\"\",\"right\":\"\",\"bottom\":\"\",\"left\":\"\",\"cssbox_link\":true}},\"hover-box-shadow-css\":{\"desktop\":{\"x\":\"\",\"Y\":\"\",\"BLUR\":\"\",\"SPREAD\":\"\",\"cssbox_link\":true}}}","custom_logo":293,"site-logo-position":"{\"desktop\":\"cwp-left\",\"tablet\":\"cwp-left\",\"mobile\":\"cwp-left\"}","site-logo-max-width":"{\"desktop\":40,\"tablet\":40,\"mobile\":30}","footer-sidebar-4-widget-setting-option":"custom","footer-sidebar-4-margin":"{\"desktop\":{\"top\":\"\",\"right\":\"\",\"bottom\":\"\",\"left\":\"\",\"cssbox_link\":true},\"tablet\":{\"top\":\"\",\"right\":\"\",\"bottom\":\"\",\"left\":\"\",\"cssbox_link\":true},\"mobile\":{\"top\":\"\",\"right\":\"\",\"bottom\":\"\",\"left\":\"\",\"cssbox_link\":true}}","footer-social-icon-radius":"{\"desktop\":0,\"tablet\":0,\"mobile\":50}","header_image":"https:\/\/www.demo.cosmoswp.com\/demo-5\/wp-content\/uploads\/sites\/6\/2019\/10\/doctor-2722941_1920.jpg","header_image_data":{"attachment_id":253,"url":"https:\/\/www.demo.cosmoswp.com\/demo-5\/wp-content\/uploads\/sites\/6\/2019\/10\/doctor-2722941_1920.jpg","thumbnail_url":"https:\/\/www.demo.cosmoswp.com\/demo-5\/wp-content\/uploads\/sites\/6\/2019\/10\/doctor-2722941_1920.jpg","height":1280,"width":1920},"banner-section-display":"bg-image","cosmoswp-breadcrumb-options":"bcn","breadcrumb-after-banner-title":true,"breadcrumb-before-content":false,"breadcrumb-color-options":"{\"link-color\":\"#3498db\",\"link-hover-color\":\"#297cb4\",\"text-color\":\"#fff\"}","blog-post-view-layout":"full-width-layout","page-elements-sorting-with-title":["featured-section","content"],"footer-menu-align":"{\"desktop\":\"cwp-flex-align-left\",\"mobile\":\"cwp-flex-align-right\",\"tablet\":\"\"}","header-position-options":"normal","blog-column-number":"1","site-identity-align":"{\"desktop\":\"cwp-text-left\",\"tablet\":\"cwp-text-left\",\"mobile\":\"cwp-text-left\"}","primary-menu-submenu-styling":"{\"normal-text-color\":\"#333\",\"normal-bg-color\":\"\",\"normal-border-style\":\"none\",\"normal-border-width\":{\"desktop\":{\"top\":\"\",\"right\":\"\",\"bottom\":\"\",\"left\":\"\",\"cssbox_link\":true}},\"normal-border-color\":\"\",\"normal-border-radius\":{\"desktop\":{\"top\":\"\",\"right\":\"\",\"bottom\":\"\",\"left\":\"\",\"cssbox_link\":true}},\"hover-text-color\":\"#3498db\",\"hover-bg-color\":\"\",\"hover-border-style\":\"none\",\"hover-border-width\":{\"desktop\":{\"top\":\"\",\"right\":\"\",\"bottom\":\"\",\"left\":\"\",\"cssbox_link\":true}},\"hover-border-color\":\"\",\"hover-border-radius\":{\"desktop\":{\"top\":\"\",\"right\":\"\",\"bottom\":\"\",\"left\":\"\",\"cssbox_link\":true}},\"active-text-color\":\"#3498db\",\"active-bg-color\":\"\",\"active-border-style\":\"none\",\"active-border-width\":{\"desktop\":{\"top\":\"\",\"right\":\"\",\"bottom\":\"\",\"left\":\"\",\"cssbox_link\":true}},\"active-border-color\":\"\",\"active-border-radius\":{\"desktop\":{\"top\":\"\",\"right\":\"\",\"bottom\":\"\",\"left\":\"\",\"cssbox_link\":true},\"tablet\":{\"top\":\"\",\"right\":\"\",\"bottom\":\"\",\"left\":\"\",\"cssbox_link\":false},\"mobile\":{\"top\":\"\",\"right\":\"\",\"bottom\":\"\",\"left\":\"\",\"cssbox_link\":false}}}","global-widget-title-padding":"{\"desktop\":{\"top\":\"\",\"right\":\"\",\"bottom\":\"\",\"left\":\"\",\"cssbox_link\":true},\"tablet\":{\"top\":\"\",\"right\":\"\",\"bottom\":\"\",\"left\":\"\",\"cssbox_link\":true},\"mobile\":{\"top\":0,\"right\":0,\"bottom\":0,\"left\":15,\"cssbox_link\":false}}","footer-main-widget-content-color-options":"{\"text-color\":\"#ffffff\",\"link-color\":\"#ffffff\",\"link-hover-color\":\"#3498db\"}","footer-copyright-typography-options":"custom","footer-copyright-typography":"{\"font-type\":\"google\",\"system-font\":\"\",\"google-font\":\"Open Sans\",\"custom-font\":\"\",\"font-weight\":\"regular\",\"font-style\":\"normal\",\"text-decoration\":\"none\",\"text-transform\":\"none\",\"font-size\":{\"desktop\":\"14\",\"tablet\":\"14\",\"mobile\":\"14\"},\"line-height\":{\"desktop\":\"24\",\"tablet\":\"24\",\"mobile\":\"24\"},\"letter-spacing\":{\"desktop\":\"\",\"tablet\":\"\",\"mobile\":\"\"}}"},"theme_mods_cosmoswp-child":{"0":false,"nav_menu_locations":{"footer-menu":3,"header-primary-menu":4},"custom_css_post_id":-1,"general-setting-color-options":"{\"primary-color\":\"#3498db\",\"text-color\":\"#5f666d\",\"title-color\":\"#0f4469\",\"link-color\":\"#3498db\",\"link-hover-color\":\"#2fa1ee\",\"meta-color\":\"#999999\"}","header-social-icon-data":"[{\"enabled\":\"1\",\"icon\":\"fab fa-facebook-f\",\"link\":\"https:\\\/\\\/www.facebook.com\\\/\",\"checkbox\":true,\"icon-color\":\"#ffffff\",\"icon-hover-color\":\"#ffffff\",\"bg-color\":\"#3b5998\",\"bg-hover-color\":\"#4b69a8\"},{\"enabled\":\"1\",\"icon\":\"fab fa-twitter\",\"link\":\"https:\\\/\\\/www.twitter.com\\\/\",\"checkbox\":true,\"icon-color\":\"#ffffff\",\"icon-hover-color\":\"#ffffff\",\"bg-color\":\"#55ACEE\",\"bg-hover-color\":\"#75CCFF\"},{\"enabled\":\"1\",\"icon\":\"fab fa-linkedin-in\",\"link\":\"https:\\\/\\\/www.linkedin.com\\\/\",\"checkbox\":true,\"icon-color\":\"#ffffff\",\"icon-hover-color\":\"#ffffff\",\"bg-color\":\"#0077B5\",\"bg-hover-color\":\"#1087C5\"},{\"enabled\":\"1\",\"icon\":\"fab fa-instagram\",\"link\":\"\",\"checkbox\":false,\"icon-color\":\"#ffffff\",\"icon-hover-color\":\"\",\"bg-color\":\"#723a1a\",\"bg-hover-color\":\"#6b3216\"}]","contact-information-data":"[{\"enabled\":\"1\",\"icon\":\"fas fa-phone\",\"title\":\"Monday - Friday 08:00 - 20:00\",\"text\":\"Saturday and Sunday - CLOSED\",\"link-type\":\"tel\",\"link\":\"https:\\\/\\\/usaphone.com\\\/\",\"checkbox\":true},{\"enabled\":\"1\",\"icon\":\"far fa-envelope\",\"title\":\"+ 0800 2466 7921\",\"text\":\"noreply@cosmoswp.com\",\"link-type\":\"email\",\"link\":\"noreply@cosmoswp.com\",\"checkbox\":true},{\"enabled\":\"1\",\"icon\":\"fas fa-map-marker-alt\",\"title\":\"34th Avenue\",\"text\":\"New York, W2 3XE\",\"link-type\":\"normal-link\",\"link\":\"\",\"checkbox\":false}]","footer_social":"[{\"enabled\":\"1\",\"icon\":\"fab fa-facebook-f\",\"link\":\"http:\\\/\\\/www.facebook.com\",\"checkbox\":true,\"icon-color\":\"#1e73be\",\"icon-hover-color\":\"#ffffff\",\"bg-color\":\"#ffffff\",\"bg-hover-color\":\"#1e73be\"},{\"enabled\":\"1\",\"icon\":\"fab fa-twitter\",\"link\":\"http:\\\/\\\/www.twitter.com\",\"checkbox\":true,\"icon-color\":\"#75CCFF\",\"icon-hover-color\":\"#ffffff\",\"bg-color\":\"#ffffff\",\"bg-hover-color\":\"#75CCFF\"},{\"enabled\":\"1\",\"icon\":\"fab fa-linkedin-in\",\"link\":\"http:\\\/\\\/www.linkedin.com\",\"checkbox\":true,\"icon-color\":\"#0077B5\",\"icon-hover-color\":\"#ffffff\",\"bg-color\":\"#ffffff\",\"bg-hover-color\":\"#0077B5\"}]","general-setting-body-p-typography":"{\"font-type\":\"google\",\"system-font\":\"\",\"google-font\":\"Source Sans Pro\",\"custom-font\":\"\",\"font-weight\":\"regular\",\"font-style\":\"normal\",\"text-decoration\":\"none\",\"text-transform\":\"none\",\"font-size\":{\"desktop\":\"\",\"tablet\":\"\",\"mobile\":\"16\"},\"line-height\":{\"desktop\":\"24\",\"tablet\":\"28\",\"mobile\":\"28\"},\"letter-spacing\":{\"desktop\":\"0\",\"tablet\":\"0\",\"mobile\":\"0\"}}","general-setting-h1-typography":"{\"font-type\":\"google\",\"system-font\":\"\",\"google-font\":\"Open Sans\",\"custom-font\":\"\",\"font-weight\":\"700\",\"font-style\":\"normal\",\"text-decoration\":\"none\",\"text-transform\":\"none\",\"font-size\":{\"desktop\":\"44\",\"tablet\":\"32\",\"mobile\":\"30\"},\"line-height\":{\"desktop\":\"40\",\"tablet\":\"40\",\"mobile\":\"40\"},\"letter-spacing\":{\"desktop\":\"0\",\"tablet\":\"0\",\"mobile\":\"0\"}}","general-setting-h2-typography":"{\"font-type\":\"google\",\"system-font\":\"\",\"google-font\":\"Open Sans\",\"custom-font\":\"\",\"font-weight\":\"700\",\"font-style\":\"normal\",\"text-decoration\":\"none\",\"text-transform\":\"none\",\"font-size\":{\"desktop\":\"34\",\"tablet\":\"30\",\"mobile\":\"30\"},\"line-height\":{\"desktop\":\"35\",\"tablet\":\"35\",\"mobile\":\"35\"},\"letter-spacing\":{\"desktop\":\"0\",\"tablet\":\"0\",\"mobile\":\"0\"}}","general-setting-h3-typography":"{\"font-type\":\"google\",\"system-font\":\"\",\"google-font\":\"Open Sans\",\"custom-font\":\"\",\"font-weight\":\"600\",\"font-style\":\"normal\",\"text-decoration\":\"none\",\"text-transform\":\"none\",\"font-size\":{\"desktop\":\"32\",\"tablet\":\"28\",\"mobile\":\"24\"},\"line-height\":{\"desktop\":\"32\",\"tablet\":\"32\",\"mobile\":\"32\"},\"letter-spacing\":{\"desktop\":\"0\",\"tablet\":\"0\",\"mobile\":\"0\"}}","general-setting-h4-typography":"{\"font-type\":\"google\",\"system-font\":\"\",\"google-font\":\"Open Sans\",\"custom-font\":\"\",\"font-weight\":\"600\",\"font-style\":\"normal\",\"text-decoration\":\"none\",\"text-transform\":\"none\",\"font-size\":{\"desktop\":\"28\",\"tablet\":\"22\",\"mobile\":\"22\"},\"line-height\":{\"desktop\":\"24\",\"tablet\":\"24\",\"mobile\":\"24\"},\"letter-spacing\":{\"desktop\":\"0\",\"tablet\":\"0\",\"mobile\":\"0\"}}","general-setting-h5-typography":"{\"font-type\":\"google\",\"system-font\":\"\",\"google-font\":\"Open Sans\",\"custom-font\":\"\",\"font-weight\":\"700\",\"font-style\":\"normal\",\"text-decoration\":\"none\",\"text-transform\":\"none\",\"font-size\":{\"desktop\":\"\",\"tablet\":\"\",\"mobile\":\"18\"},\"line-height\":{\"desktop\":\"32\",\"tablet\":\"32\",\"mobile\":\"32\"},\"letter-spacing\":{\"desktop\":\"0\",\"tablet\":\"0\",\"mobile\":\"0\"}}","general-setting-h6-typography":"{\"font-type\":\"google\",\"system-font\":\"\",\"google-font\":\"Open Sans\",\"custom-font\":\"\",\"font-weight\":\"300\",\"font-style\":\"normal\",\"text-decoration\":\"none\",\"text-transform\":\"none\",\"font-size\":{\"desktop\":\"18\",\"tablet\":\"18\",\"mobile\":\"18\"},\"line-height\":{\"desktop\":\"24\",\"tablet\":\"24\",\"mobile\":\"24\"},\"letter-spacing\":{\"desktop\":\"0\",\"tablet\":\"0\",\"mobile\":\"0\"}}","site-button-styling":"{\"normal-text-color\":\"#fff\",\"normal-bg-color\":\"#3498db\",\"normal-border-style\":\"solid\",\"normal-border-color\":\"#3498db\",\"normal-box-shadow-color\":\"\",\"hover-text-color\":\"#fff\",\"hover-bg-color\":\"#2fa1ee\",\"hover-border-style\":\"solid\",\"hover-border-color\":\"#2fa1ee\",\"hover-box-shadow-color\":\"\",\"normal-border-width\":{\"desktop\":{\"top\":1,\"right\":1,\"bottom\":1,\"left\":1,\"cssbox_link\":true}},\"normal-border-radius\":{\"desktop\":{\"top\":3,\"right\":3,\"bottom\":3,\"left\":3,\"cssbox_link\":true}},\"normal-box-shadow-css\":{\"desktop\":{\"x\":0,\"Y\":0,\"BLUR\":0,\"SPREAD\":0,\"cssbox_link\":true}},\"hover-border-width\":{\"desktop\":{\"top\":1,\"right\":1,\"bottom\":1,\"left\":1,\"cssbox_link\":true}},\"hover-border-radius\":{\"desktop\":{\"top\":0,\"right\":0,\"bottom\":0,\"left\":0,\"cssbox_link\":true}},\"hover-box-shadow-css\":{\"desktop\":{\"x\":0,\"Y\":0,\"BLUR\":0,\"SPREAD\":0,\"cssbox_link\":true}}}","global-widget-title-border-styling":"{\"border-style\":\"solid\",\"border-color\":\"#3498db\",\"border-width\":{\"desktop\":{\"top\":0,\"right\":0,\"bottom\":0,\"left\":5,\"cssbox_link\":1}}}","cosmoswp_header_builder_section_controller":{"desktop":{"top":[{"x":"0","y":"1","width":"3","height":"1","id":"title_tagline"},{"x":"3","y":"1","width":"7","height":"1","id":"contact_information"},{"x":"10","y":"1","width":"2","height":"1","id":"header_social"}],"main":[{"x":"0","y":"1","width":"9","height":"1","id":"primary_menu"},{"x":"9","y":"1","width":"3","height":"1","id":"button_one"}],"bottom":[]},"mobile":{"top":[],"main":[{"x":"0","y":"1","width":"10","height":"1","id":"title_tagline"},{"x":"10","y":"1","width":"2","height":"1","id":"menu_icon"}],"bottom":[]},"all":{"sidebar":[{"x":"0","y":"1","width":"1","height":"1","id":"primary_menu"}]}},"header-main-padding":"{\"desktop\":{\"top\":0,\"right\":0,\"bottom\":0,\"left\":0,\"cssbox_link\":true},\"tablet\":{\"top\":10,\"right\":\"\",\"bottom\":10,\"left\":\"\",\"cssbox_link\":false},\"mobile\":{\"top\":10,\"right\":\"\",\"bottom\":10,\"left\":\"\",\"cssbox_link\":false}}","button-one-enable-icon":true,"button-one-styling":"{\"normal-text-color\":\"#ffffff\",\"normal-bg-color\":\"#3498db\",\"normal-border-style\":\"solid\",\"normal-border-color\":\"#3498db\",\"normal-box-shadow-color\":\"#333\",\"hover-text-color\":\"#fff\",\"hover-bg-color\":\"#2fa1ee\",\"hover-border-style\":\"solid\",\"hover-border-color\":\"#2fa1ee\",\"hover-box-shadow-color\":\"\",\"normal-border-width\":{\"desktop\":{\"top\":1,\"right\":1,\"bottom\":1,\"left\":1,\"cssbox_link\":true}},\"normal-border-radius\":{\"desktop\":{\"top\":0,\"right\":0,\"bottom\":0,\"left\":0,\"cssbox_link\":true}},\"normal-box-shadow-css\":{\"desktop\":{\"x\":0,\"Y\":0,\"BLUR\":0,\"SPREAD\":0,\"cssbox_link\":true}},\"hover-border-width\":{\"desktop\":{\"top\":1,\"right\":1,\"bottom\":1,\"left\":1,\"cssbox_link\":true}},\"hover-border-radius\":{\"desktop\":{\"top\":0,\"right\":0,\"bottom\":0,\"left\":0,\"cssbox_link\":true}},\"hover-box-shadow-css\":{\"desktop\":{\"x\":0,\"Y\":0,\"BLUR\":0,\"SPREAD\":0,\"cssbox_link\":true}}}","contact-info-title-typography":"{\"font-type\":\"google\",\"system-font\":\"\",\"google-font\":\"Open Sans\",\"custom-font\":\"\",\"font-weight\":\"600\",\"font-style\":\"normal\",\"text-decoration\":\"none\",\"text-transform\":\"none\",\"font-size\":{\"desktop\":\"13\",\"tablet\":\"14\",\"mobile\":\"14\"},\"line-height\":{\"desktop\":\"24\",\"tablet\":\"24\",\"mobile\":\"24\"},\"letter-spacing\":{\"desktop\":\"0\",\"tablet\":\"1\",\"mobile\":\"1\"}}","contact-info-subtitle-typography":"{\"font-type\":\"google\",\"system-font\":\"\",\"google-font\":\"Open Sans\",\"custom-font\":\"\",\"font-weight\":\"regular\",\"font-style\":\"normal\",\"text-decoration\":\"none\",\"text-transform\":\"none\",\"font-size\":{\"desktop\":\"13\",\"tablet\":\"14\",\"mobile\":\"14\"},\"line-height\":{\"desktop\":\"12\",\"tablet\":\"12\",\"mobile\":\"12\"},\"letter-spacing\":{\"desktop\":\"\",\"tablet\":\"\",\"mobile\":\"\"}}","contact-information-align":"flex-align-right","header-social-icon-radius":"{\"desktop\":50,\"tablet\":0,\"mobile\":0}","site-identity-styling":"{\"site-title-color\":\"#3498db\",\"site-tagline-color\":\"#9e9e9e\",\"hover-site-title-color\":\"#3498db\",\"hover-site-tagline-color\":\"#333\"}","site-identity-typography-options":"custom","site-title-typography":"{\"font-type\":\"google\",\"system-font\":\"\",\"google-font\":\"Open Sans\",\"custom-font\":\"\",\"font-weight\":\"700\",\"font-style\":\"normal\",\"text-decoration\":\"none\",\"text-transform\":\"none\",\"font-size\":{\"desktop\":\"16\",\"tablet\":\"20\",\"mobile\":\"15\"},\"line-height\":{\"desktop\":\"10\",\"tablet\":\"24\",\"mobile\":\"5\"},\"letter-spacing\":{\"desktop\":\"\",\"tablet\":\"\",\"mobile\":\"\"}}","site-tagline-typography":"{\"font-type\":\"google\",\"system-font\":\"\",\"google-font\":\"Open Sans\",\"custom-font\":\"\",\"font-weight\":\"regular\",\"font-style\":\"normal\",\"text-decoration\":\"none\",\"text-transform\":\"none\",\"font-size\":{\"desktop\":\"14\",\"tablet\":\"13\",\"mobile\":\"12\"},\"line-height\":{\"desktop\":\"\",\"tablet\":\"\",\"mobile\":\"15\"},\"letter-spacing\":{\"desktop\":\"\",\"tablet\":\"\",\"mobile\":\"\"}}","contact-info-icon-color":"#3498db","contact-info-title-border-styling":"{\"border-style\":\"none\",\"border-color\":\"#eeee22\",\"border-width\":{\"desktop\":{\"top\":0,\"right\":0,\"bottom\":0,\"left\":0,\"cssbox_link\":0}}}","cosmoswp_footer_builder_section_controller":{"desktop":{"top":[],"main":[{"x":"0","y":"1","width":"3","height":"1","id":"sidebar-widgets-footer-sidebar-1"},{"x":"3","y":"1","width":"3","height":"1","id":"sidebar-widgets-footer-sidebar-2"},{"x":"6","y":"1","width":"3","height":"1","id":"sidebar-widgets-footer-sidebar-3"},{"x":"9","y":"1","width":"3","height":"1","id":"sidebar-widgets-footer-sidebar-4"}],"bottom":[{"x":"3","y":"1","width":"7","height":"1","id":"footer_copyright"},{"x":"0","y":"1","width":"3","height":"1","id":"footer_menu"},{"x":"10","y":"1","width":"2","height":"1","id":"footer_social"}]}},"cosmoswp_landing_builder_section_controller":"","cosmoswp_blog_builder_section_controller":{"desktop":{"top":[{"x":"0","y":"1","width":"9","height":"1","id":"blog-main-content"},{"x":"9","y":"1","width":"3","height":"1","id":"blog-primary-sidebar"}]}},"cosmoswp_post_builder_section_controller":"","cosmoswp_page_builder_section_controller":{"desktop":{"top":[{"x":"0","y":"1","width":"9","height":"1","id":"page-main-content"},{"x":"9","y":"1","width":"3","height":"1","id":"page-primary-sidebar"}]}},"footer-copyright-align":"{\"desktop\":\"cwp-text-center\",\"tablet\":\"cwp-text-center\",\"mobile\":\"cwp-text-left\"}","footer-menu-title":"","footer-menu-custom-menu":"3","footer-menu-display-position":"cwp-horizontal-menu","footer-menu-margin":"{\"desktop\":{\"top\":\"\",\"right\":\"\",\"bottom\":\"\",\"left\":\"\",\"cssbox_link\":false},\"tablet\":{\"top\":\"\",\"right\":\"\",\"bottom\":\"\",\"left\":\"\",\"cssbox_link\":true},\"mobile\":{\"top\":\"\",\"right\":\"\",\"bottom\":\"\",\"left\":\"\",\"cssbox_link\":true}}","footer-menu-item-margin":"{\"desktop\":{\"top\":\"\",\"right\":\"\",\"bottom\":\"\",\"left\":\"\",\"cssbox_link\":false},\"tablet\":{\"top\":\"\",\"right\":\"\",\"bottom\":\"\",\"left\":\"\",\"cssbox_link\":true},\"mobile\":{\"top\":\"\",\"right\":\"\",\"bottom\":\"\",\"left\":\"\",\"cssbox_link\":true}}","footer-main-padding":"{\"desktop\":{\"top\":60,\"right\":0,\"bottom\":60,\"left\":0,\"cssbox_link\":false},\"tablet\":{\"top\":\"\",\"right\":\"\",\"bottom\":\"\",\"left\":\"\",\"cssbox_link\":true},\"mobile\":{\"top\":40,\"right\":0,\"bottom\":0,\"left\":0,\"cssbox_link\":false}}","footer-main-widget-title-typography-options":"custom","footer-main-widget-title-typography":"{\"font-type\":\"google\",\"system-font\":\"\",\"google-font\":\"Open Sans\",\"custom-font\":\"\",\"font-weight\":\"600\",\"font-style\":\"normal\",\"text-decoration\":\"none\",\"text-transform\":\"none\",\"font-size\":{\"desktop\":\"\",\"tablet\":\"\",\"mobile\":\"16\"},\"line-height\":{\"desktop\":\"24\",\"tablet\":\"24\",\"mobile\":\"24\"},\"letter-spacing\":{\"desktop\":\"\",\"tablet\":\"\",\"mobile\":\"\"}}","footer-general-background-options":"{\"background-color\":\"#2c3e50\",\"background-image\":\"\",\"background-size\":\"cover\",\"background-position\":\"center\",\"background-repeat\":\"no-repeat\",\"background-attachment\":\"scroll\",\"enable-overlay\":\"\",\"background-overlay-color\":\"\"}","footer-bottom-border-styling":"{\"border-style\":\"solid\",\"border-color\":\"#475666\",\"box-shadow-color\":\"\",\"border-width\":{\"desktop\":{\"top\":1,\"right\":0,\"bottom\":0,\"left\":0,\"cssbox_link\":0}},\"border-radius\":{\"desktop\":{\"top\":0,\"right\":0,\"bottom\":0,\"left\":0,\"cssbox_link\":1}},\"box-shadow-css\":{\"desktop\":{\"x\":0,\"Y\":0,\"BLUR\":0,\"SPREAD\":0,\"cssbox_link\":1}}}","footer-bottom-padding":"{\"desktop\":{\"top\":\"\",\"right\":\"\",\"bottom\":\"\",\"left\":\"\",\"cssbox_link\":false},\"tablet\":{\"top\":\"\",\"right\":\"\",\"bottom\":\"\",\"left\":\"\",\"cssbox_link\":true},\"mobile\":{\"top\":20,\"right\":0,\"bottom\":20,\"left\":0,\"cssbox_link\":false}}","footer-menu-styling":"{\"normal-text-color\":\"#fff\",\"normal-bg-color\":\"\",\"normal-border-style\":\"none\",\"normal-border-width\":{\"desktop\":{\"top\":\"\",\"right\":\"\",\"bottom\":\"\",\"left\":\"\",\"cssbox_link\":true}},\"normal-border-color\":\"\",\"normal-border-radius\":{\"desktop\":{\"top\":\"\",\"right\":\"\",\"bottom\":\"\",\"left\":\"\",\"cssbox_link\":true}},\"hover-text-color\":\"#3498db\",\"hover-bg-color\":\"\",\"hover-border-style\":\"none\",\"hover-border-width\":{\"desktop\":{\"top\":\"\",\"right\":\"\",\"bottom\":\"\",\"left\":\"\",\"cssbox_link\":true}},\"hover-border-color\":\"\",\"hover-border-radius\":{\"desktop\":{\"top\":\"\",\"right\":\"\",\"bottom\":\"\",\"left\":\"\",\"cssbox_link\":true}},\"active-text-color\":\"#3498db\",\"active-bg-color\":\"\",\"active-border-style\":\"none\",\"active-border-width\":{\"desktop\":{\"top\":\"\",\"right\":\"\",\"bottom\":\"\",\"left\":\"\",\"cssbox_link\":true}},\"active-border-color\":\"\",\"active-border-radius\":{\"desktop\":{\"top\":\"\",\"right\":\"\",\"bottom\":\"\",\"left\":\"\",\"cssbox_link\":true}}}","primary-menu-align":"flex-align-left","primary-menu-typography-options":"custom","primary-menu-typography":"{\"font-type\":\"google\",\"system-font\":\"\",\"google-font\":\"Open Sans\",\"custom-font\":\"\",\"font-weight\":\"600\",\"font-style\":\"normal\",\"text-decoration\":\"none\",\"text-transform\":\"uppercase\",\"font-size\":{\"desktop\":\"14\",\"tablet\":\"14\",\"mobile\":\"14\"},\"line-height\":{\"desktop\":\"24\",\"tablet\":\"24\",\"mobile\":\"24\"},\"letter-spacing\":{\"desktop\":\"1\",\"tablet\":\"\",\"mobile\":\"\"}}","primary-menu-item-padding":"{\"desktop\":{\"top\":10,\"right\":15,\"bottom\":10,\"left\":15,\"cssbox_link\":false},\"tablet\":{\"top\":\"\",\"right\":\"\",\"bottom\":\"\",\"left\":\"\",\"cssbox_link\":true},\"mobile\":{\"top\":10,\"right\":10,\"bottom\":10,\"left\":10,\"cssbox_link\":true}}","header-main-border-styling":"{\"border-style\":\"solid\",\"border-color\":\"#dddddd\",\"box-shadow-color\":\"\",\"border-width\":{\"desktop\":{\"top\":1,\"right\":0,\"bottom\":0,\"left\":0,\"cssbox_link\":0}},\"border-radius\":{\"desktop\":{\"top\":0,\"right\":0,\"bottom\":0,\"left\":0,\"cssbox_link\":1}},\"box-shadow-css\":{\"desktop\":{\"x\":0,\"Y\":0,\"BLUR\":0,\"SPREAD\":0,\"cssbox_link\":1}}}","button-one-text":"Make Appointment","button-one-padding":"{\"desktop\":{\"top\":15,\"right\":30,\"bottom\":15,\"left\":30,\"cssbox_link\":false},\"tablet\":{\"top\":6,\"right\":12,\"bottom\":6,\"left\":12,\"cssbox_link\":true},\"mobile\":{\"top\":6,\"right\":12,\"bottom\":6,\"left\":12,\"cssbox_link\":true}}","dd-search-icon-align":"flex-align-right","button-one-align":"flex-align-right","top-header-padding":"{\"desktop\":{\"top\":20,\"right\":0,\"bottom\":20,\"left\":0,\"cssbox_link\":false},\"tablet\":{\"top\":10,\"right\":0,\"bottom\":10,\"left\":0,\"cssbox_link\":true},\"mobile\":{\"top\":10,\"right\":0,\"bottom\":10,\"left\":0,\"cssbox_link\":true}}","button-one-icon":"fas fa-stethoscope","button-one-typography-options":"custom","button-one-typography":"{\"font-type\":\"google\",\"system-font\":\"\",\"google-font\":\"Open Sans\",\"custom-font\":\"\",\"font-weight\":\"600\",\"font-style\":\"normal\",\"text-decoration\":\"none\",\"text-transform\":\"uppercase\",\"font-size\":{\"desktop\":\"14\",\"tablet\":\"14\",\"mobile\":\"14\"},\"line-height\":{\"desktop\":\"24\",\"tablet\":\"24\",\"mobile\":\"24\"},\"letter-spacing\":{\"desktop\":\"1\",\"tablet\":\"\",\"mobile\":\"\"}}","primary-menu-styling":"{\"normal-text-color\":\"#0f4469\",\"normal-bg-color\":\"\",\"normal-border-style\":\"none\",\"normal-border-width\":{\"desktop\":{\"top\":\"\",\"right\":\"\",\"bottom\":\"\",\"left\":\"\",\"cssbox_link\":true}},\"normal-border-color\":\"\",\"normal-border-radius\":{\"desktop\":{\"top\":\"\",\"right\":\"\",\"bottom\":\"\",\"left\":\"\",\"cssbox_link\":true}},\"hover-text-color\":\"#3498db\",\"hover-bg-color\":\"\",\"hover-border-style\":\"none\",\"hover-border-width\":{\"desktop\":{\"top\":\"\",\"right\":\"\",\"bottom\":\"\",\"left\":\"\",\"cssbox_link\":true}},\"hover-border-color\":\"\",\"hover-border-radius\":{\"desktop\":{\"top\":\"\",\"right\":\"\",\"bottom\":\"\",\"left\":\"\",\"cssbox_link\":true}},\"active-text-color\":\"#3498db\",\"active-bg-color\":\"\",\"active-border-style\":\"none\",\"active-border-width\":{\"desktop\":{\"top\":\"\",\"right\":\"\",\"bottom\":\"\",\"left\":\"\",\"cssbox_link\":true}},\"active-border-color\":\"\",\"active-border-radius\":{\"desktop\":{\"top\":\"\",\"right\":\"\",\"bottom\":\"\",\"left\":\"\",\"cssbox_link\":true}}}","header-general-background-options":"{\"background-color\":\"#ffffff\",\"background-image\":\"\",\"background-size\":\"cover\",\"background-position\":\"center\",\"background-repeat\":\"no-repeat\",\"background-attachment\":\"scroll\",\"enable-overlay\":\"\",\"background-overlay-color\":\"\"}","global-form-input-height":"40","primary-menu-submenu-icon-indicator":"fas fa-angle-down","background_color":"ffffff","general-setting-layout":"cwp-full-width-body","contact-info-title-color":"#0f4469","contact-info-subtitle-color":"#5f666d","contact-info-item-margin":"{\"desktop\":{\"top\":0,\"right\":20,\"bottom\":0,\"left\":0,\"cssbox_link\":false},\"tablet\":{\"top\":0,\"right\":10,\"bottom\":0,\"left\":0,\"cssbox_link\":false},\"mobile\":{\"top\":0,\"right\":10,\"bottom\":0,\"left\":10,\"cssbox_link\":false}}","contact-info-item-padding":"{\"desktop\":{\"top\":0,\"right\":20,\"bottom\":0,\"left\":0,\"cssbox_link\":false},\"tablet\":{\"top\":0,\"right\":10,\"bottom\":0,\"left\":0,\"cssbox_link\":false},\"mobile\":{\"top\":0,\"right\":10,\"bottom\":0,\"left\":10,\"cssbox_link\":false}}","scroll-top-icon-styling":"{\"normal-text-color\":\"#fff\",\"normal-bg-color\":\"#3498db\",\"normal-border-style\":\"none\",\"normal-border-color\":\"\",\"normal-box-shadow-color\":\"\",\"hover-text-color\":\"#fff\",\"hover-bg-color\":\"#297cb4\",\"hover-border-style\":\"none\",\"hover-border-color\":\"\",\"hover-box-shadow-color\":\"\",\"normal-border-width\":{\"desktop\":{\"top\":\"\",\"right\":\"\",\"bottom\":\"\",\"left\":\"\",\"cssbox_link\":true}},\"normal-border-radius\":{\"desktop\":{\"top\":\"\",\"right\":\"\",\"bottom\":\"\",\"left\":\"\",\"cssbox_link\":true}},\"normal-box-shadow-css\":{\"desktop\":{\"x\":\"\",\"Y\":\"\",\"BLUR\":\"\",\"SPREAD\":\"\",\"cssbox_link\":true}},\"hover-border-width\":{\"desktop\":{\"top\":\"\",\"right\":\"\",\"bottom\":\"\",\"left\":\"\",\"cssbox_link\":true}},\"hover-border-radius\":{\"desktop\":{\"top\":\"\",\"right\":\"\",\"bottom\":\"\",\"left\":\"\",\"cssbox_link\":true}},\"hover-box-shadow-css\":{\"desktop\":{\"x\":\"\",\"Y\":\"\",\"BLUR\":\"\",\"SPREAD\":\"\",\"cssbox_link\":true}}}","custom_logo":293,"site-logo-position":"{\"desktop\":\"cwp-left\",\"tablet\":\"cwp-left\",\"mobile\":\"cwp-left\"}","site-logo-max-width":"{\"desktop\":40,\"tablet\":40,\"mobile\":30}","footer-sidebar-4-widget-setting-option":"custom","footer-sidebar-4-margin":"{\"desktop\":{\"top\":\"\",\"right\":\"\",\"bottom\":\"\",\"left\":\"\",\"cssbox_link\":true},\"tablet\":{\"top\":\"\",\"right\":\"\",\"bottom\":\"\",\"left\":\"\",\"cssbox_link\":true},\"mobile\":{\"top\":\"\",\"right\":\"\",\"bottom\":\"\",\"left\":\"\",\"cssbox_link\":true}}","footer-social-icon-radius":"{\"desktop\":0,\"tablet\":0,\"mobile\":50}","header_image":"https:\/\/www.demo.cosmoswp.com\/demo-5\/wp-content\/uploads\/sites\/6\/2019\/10\/doctor-2722941_1920.jpg","header_image_data":{"attachment_id":253,"url":"https:\/\/www.demo.cosmoswp.com\/demo-5\/wp-content\/uploads\/sites\/6\/2019\/10\/doctor-2722941_1920.jpg","thumbnail_url":"https:\/\/www.demo.cosmoswp.com\/demo-5\/wp-content\/uploads\/sites\/6\/2019\/10\/doctor-2722941_1920.jpg","height":1280,"width":1920},"banner-section-display":"bg-image","cosmoswp-breadcrumb-options":"bcn","breadcrumb-after-banner-title":true,"breadcrumb-before-content":false,"breadcrumb-color-options":"{\"link-color\":\"#3498db\",\"link-hover-color\":\"#297cb4\",\"text-color\":\"#fff\"}","blog-post-view-layout":"full-width-layout","page-elements-sorting-with-title":["featured-section","content"],"footer-menu-align":"{\"desktop\":\"cwp-flex-align-left\",\"mobile\":\"cwp-flex-align-right\",\"tablet\":\"\"}","header-position-options":"normal","blog-column-number":"1","site-identity-align":"{\"desktop\":\"cwp-text-left\",\"tablet\":\"cwp-text-left\",\"mobile\":\"cwp-text-left\"}","primary-menu-submenu-styling":"{\"normal-text-color\":\"#333\",\"normal-bg-color\":\"\",\"normal-border-style\":\"none\",\"normal-border-width\":{\"desktop\":{\"top\":\"\",\"right\":\"\",\"bottom\":\"\",\"left\":\"\",\"cssbox_link\":true}},\"normal-border-color\":\"\",\"normal-border-radius\":{\"desktop\":{\"top\":\"\",\"right\":\"\",\"bottom\":\"\",\"left\":\"\",\"cssbox_link\":true}},\"hover-text-color\":\"#3498db\",\"hover-bg-color\":\"\",\"hover-border-style\":\"none\",\"hover-border-width\":{\"desktop\":{\"top\":\"\",\"right\":\"\",\"bottom\":\"\",\"left\":\"\",\"cssbox_link\":true}},\"hover-border-color\":\"\",\"hover-border-radius\":{\"desktop\":{\"top\":\"\",\"right\":\"\",\"bottom\":\"\",\"left\":\"\",\"cssbox_link\":true}},\"active-text-color\":\"#3498db\",\"active-bg-color\":\"\",\"active-border-style\":\"none\",\"active-border-width\":{\"desktop\":{\"top\":\"\",\"right\":\"\",\"bottom\":\"\",\"left\":\"\",\"cssbox_link\":true}},\"active-border-color\":\"\",\"active-border-radius\":{\"desktop\":{\"top\":\"\",\"right\":\"\",\"bottom\":\"\",\"left\":\"\",\"cssbox_link\":true},\"tablet\":{\"top\":\"\",\"right\":\"\",\"bottom\":\"\",\"left\":\"\",\"cssbox_link\":false},\"mobile\":{\"top\":\"\",\"right\":\"\",\"bottom\":\"\",\"left\":\"\",\"cssbox_link\":false}}}","global-widget-title-padding":"{\"desktop\":{\"top\":\"\",\"right\":\"\",\"bottom\":\"\",\"left\":\"\",\"cssbox_link\":true},\"tablet\":{\"top\":\"\",\"right\":\"\",\"bottom\":\"\",\"left\":\"\",\"cssbox_link\":true},\"mobile\":{\"top\":0,\"right\":0,\"bottom\":0,\"left\":15,\"cssbox_link\":false}}","footer-main-widget-content-color-options":"{\"text-color\":\"#ffffff\",\"link-color\":\"#ffffff\",\"link-hover-color\":\"#3498db\"}","footer-copyright-typography-options":"custom","footer-copyright-typography":"{\"font-type\":\"google\",\"system-font\":\"\",\"google-font\":\"Open Sans\",\"custom-font\":\"\",\"font-weight\":\"regular\",\"font-style\":\"normal\",\"text-decoration\":\"none\",\"text-transform\":\"none\",\"font-size\":{\"desktop\":\"14\",\"tablet\":\"14\",\"mobile\":\"14\"},\"line-height\":{\"desktop\":\"24\",\"tablet\":\"24\",\"mobile\":\"24\"},\"letter-spacing\":{\"desktop\":\"\",\"tablet\":\"\",\"mobile\":\"\"}}"}}}