{"widget_positions":{"wp_inactive_widgets":[],"cosmoswp-primary-sidebar":["search-2","recent-posts-2","recent-comments-2","archives-2","categories-2","meta-2"],"cosmoswp-secondary-sidebar":[],"footer-sidebar-1":["text-3"],"footer-sidebar-2":["media_image-3"],"footer-sidebar-3":["nav_menu-3"],"footer-sidebar-4":["text-5","text-4"],"footer-sidebar-5":[],"footer-sidebar-6":[],"footer-sidebar-7":[],"footer-sidebar-8":["text-6"],"array_version":3,"cwp-primary-sidebar":["search-6","calendar-3","recent-posts-4","meta-4","media_image-5"]},"widget_options":{"search":{"2":{"title":""},"_multiwidget":1,"4":[],"6":[]},"recent-posts":{"2":{"title":"","number":5},"_multiwidget":1,"4":[]},"recent-comments":{"2":{"title":"","number":5},"_multiwidget":1},"archives":{"2":{"title":"","count":0,"dropdown":0},"_multiwidget":1},"categories":{"2":{"title":"","count":0,"hierarchical":0,"dropdown":0},"_multiwidget":1},"meta":{"2":{"title":""},"_multiwidget":1,"4":[]},"text":{"1":[],"_multiwidget":1,"3":{"title":"About","text":"Lorem ipsum dolor sit amet, consectetur adipisicing elit, sed do eiusmod tempor incididunt ut labore et dolore magna aliqua. Ut enim ad minim veniam,\r\n\r\n<a href=\"#\" target=\"_blank\" rel=\"noopener\">Read More \u00a0<i class=\"fas fa-angle-right\"><\/i><\/a>","filter":true,"visual":true},"4":{"title":"Contact Info","text":"<strong>+1 895.659.365<\/strong>\r\n<a href=\"mailto:noreply@comoswp.com\" target=\"_blank\" rel=\"noopener\">noreply@comoswp.com<\/a>\r\n\r\n85 Modern Street, Building Suite 27a, New York, USA","filter":true,"visual":true},"5":{"title":"Newsletter","text":"[contact-form-7 id=\"42\" title=\"Newsletter\"]","filter":true,"visual":true},"6":{"title":"CosmosWP Medical","text":"","filter":true,"visual":true}},"media_image":{"_multiwidget":1,"3":{"size":"full","width":270,"height":200,"caption":"","alt":"","link_type":"custom","link_url":"","image_classes":"","link_classes":"","link_rel":"","link_target_blank":false,"image_title":"","attachment_id":21,"url":"https:\/\/www.demo.cosmoswp.com\/demo-5\/wp-content\/uploads\/sites\/6\/2019\/05\/footer-banner.jpg","title":"News & Offers"},"5":{"size":"full","width":270,"height":200,"caption":"","alt":"","link_type":"custom","link_url":"","image_classes":"","link_classes":"","link_rel":"","link_target_blank":false,"image_title":"","attachment_id":21,"url":"https:\/\/www.demo.cosmoswp.com\/demo-5\/wp-content\/uploads\/sites\/6\/2019\/05\/footer-banner.jpg","title":""}},"nav_menu":{"_multiwidget":1,"3":{"title":"Services","nav_menu":2}},"calendar":{"_multiwidget":1,"3":[]}}}